id,last_name,first_name,email
1,nelissen,lucius,lnelissen0@t.co
2,hiley,arvie,ahiley1@51.la
3,ilyuchyov,anthe,ailyuchyov2@so-net.ne.jp
4,strainge,nickolas,nstrainge3@dyndns.org
5,sunman,darlleen,dsunman4@elpais.com
